???? ???,,,,,
??,??,,,,
,?? ?? / ??,?? ??,,,
?? ??,????,"ID, PW, ??? ??, ???? ??",,,
,???,"ID, PW ?? ? ???",,,
,,??? ?? 5? ?? ??? ?? ?????? ??,,,
?? ??,?? ??,?? ?? ?? ?? ? ?? ?? ??,,,
,?? ?? ??,"??? ? ?? ?? ??, ?? ?? ?? ??",,,
,,"?? ?? ? ?? ?? ??, ??? ?? ??? ????",,,
,?? ??,"?? ?? ? ???, ???? ?? ??",,,
?? ??,??? ??,?? ?? ?? ? ???? / ?? ?? ??,,,
,,?? ??? ? ???? ?? ?? ??,,,
,1:1 ?? ??,??? ?? ??? ?? ? ??? ??,,,
,?? ??,"?? ?? ?? ? ?? ??? ???? ??, ??? ?? ?? ??",,,
,,?? ??? ??? ?? ? ??? ??,,,
,?? ??,??? ?? ?? ?? ? ?? ???? ?? ?? ??? ??,,,
,,?? ?? ?? ? ?? ??? ?? ??,,,
